Country,Score,Year
World,819.78,2015
World,809.759,2016
World,819.048,2017
World,824.3820012,2018
World,818.553699,2019
